2026/10/02 23:46:05.493, 7444 MiB, 27 %
2026/10/02 23:46:07.496, 7444 MiB, 28 %
2026/10/02 23:46:09.496, 7444 MiB, 26 %
2026/10/02 23:46:11.496, 7444 MiB, 27 %
2026/10/02 23:46:13.496, 7444 MiB, 27 %
2026/10/02 23:46:15.496, 7444 MiB, 27 %
2026/10/02 23:46:17.497, 7444 MiB, 50 %
2026/10/02 23:46:19.497, 7444 MiB, 24 %
2026/10/02 23:46:21.497, 7444 MiB, 26 %
2026/10/02 23:46:23.498, 7444 MiB, 27 %
2026/10/02 23:46:25.498, 10079 MiB, 24 %
2026/10/02 23:46:27.498, 10901 MiB, 17 %
2026/10/02 23:46:29.498, 7444 MiB, 17 %
2026/10/02 23:46:31.498, 7444 MiB, 31 %
2026/10/02 23:46:33.498, 7444 MiB, 28 %
2026/10/02 23:46:35.498, 7444 MiB, 31 %
2026/10/02 23:46:37.498, 7444 MiB, 32 %
2026/10/02 23:46:39.498, 7444 MiB, 28 %
2026/10/02 23:46:41.498, 7444 MiB, 26 %
2026/10/02 23:46:43.499, 7444 MiB, 24 %
2026/10/02 23:46:45.499, 7444 MiB, 29 %
2026/10/02 23:46:47.499, 10901 MiB, 18 %
2026/10/02 23:46:49.499, 7444 MiB, 17 %
2026/10/02 23:46:51.499, 7444 MiB, 29 %
2026/10/02 23:46:53.499, 7444 MiB, 33 %
2026/10/02 23:46:55.499, 7444 MiB, 32 %
2026/10/02 23:46:57.499, 7444 MiB, 27 %
2026/10/02 23:46:59.499, 7444 MiB, 27 %
2026/10/02 23:47:01.499, 7444 MiB, 27 %
2026/10/02 23:47:03.500, 7444 MiB, 52 %
2026/10/02 23:47:05.500, 7444 MiB, 31 %
2026/10/02 23:47:07.500, 10019 MiB, 23 %
2026/10/02 23:47:09.500, 10901 MiB, 18 %
2026/10/02 23:47:11.500, 7444 MiB, 18 %
2026/10/02 23:47:13.500, 7444 MiB, 31 %
2026/10/02 23:47:15.500, 7444 MiB, 25 %
2026/10/02 23:47:17.500, 7444 MiB, 25 %
2026/10/02 23:47:19.500, 7444 MiB, 25 %
2026/10/02 23:47:21.501, 7444 MiB, 51 %
2026/10/02 23:47:23.501, 7444 MiB, 32 %
2026/10/02 23:47:25.501, 7444 MiB, 27 %
2026/10/02 23:47:27.501, 7699 MiB, 23 %
2026/10/02 23:47:29.501, 10901 MiB, 17 %
2026/10/02 23:47:31.501, 7444 MiB, 63 %
2026/10/02 23:47:33.501, 7444 MiB, 30 %
2026/10/02 23:47:35.501, 7444 MiB, 34 %
2026/10/02 23:47:37.501, 7444 MiB, 28 %
2026/10/02 23:47:39.501, 7444 MiB, 28 %
2026/10/02 23:47:41.501, 7444 MiB, 27 %
2026/10/02 23:47:43.503, 7444 MiB, 27 %
2026/10/02 23:47:45.503, 7444 MiB, 52 %
2026/10/02 23:47:47.503, 7444 MiB, 31 %
2026/10/02 23:47:49.503, 10019 MiB, 67 %
2026/10/02 23:47:51.503, 10901 MiB, 17 %
2026/10/02 23:47:53.503, 7444 MiB, 19 %
2026/10/02 23:47:55.504, 7444 MiB, 30 %
2026/10/02 23:47:57.504, 7444 MiB, 54 %
2026/10/02 23:47:59.504, 7444 MiB, 32 %
2026/10/02 23:48:01.504, 7444 MiB, 29 %
2026/10/02 23:48:03.504, 7444 MiB, 30 %
2026/10/02 23:48:05.510, 7444 MiB, 27 %
2026/10/02 23:48:07.510, 7444 MiB, 28 %
2026/10/02 23:48:09.510, 7444 MiB, 52 %
2026/10/02 23:48:11.510, 10901 MiB, 19 %
2026/10/02 23:48:13.510, 10901 MiB, 17 %
2026/10/02 23:48:15.510, 7444 MiB, 17 %
2026/10/02 23:48:17.510, 7444 MiB, 31 %
2026/10/02 23:48:19.511, 7444 MiB, 28 %
2026/10/02 23:48:21.511, 7444 MiB, 27 %
2026/10/02 23:48:23.511, 7444 MiB, 31 %
2026/10/02 23:48:25.511, 7444 MiB, 33 %
2026/10/02 23:48:27.512, 7444 MiB, 27 %
2026/10/02 23:48:29.512, 7444 MiB, 25 %
2026/10/02 23:48:31.512, 7699 MiB, 25 %
2026/10/02 23:48:33.512, 10901 MiB, 17 %
2026/10/02 23:48:35.512, 7444 MiB, 17 %
2026/10/02 23:48:37.513, 7444 MiB, 31 %
2026/10/02 23:48:39.513, 7444 MiB, 34 %
2026/10/02 23:48:41.513, 7444 MiB, 29 %
2026/10/02 23:48:43.513, 7444 MiB, 29 %
2026/10/02 23:48:45.513, 7444 MiB, 27 %
2026/10/02 23:48:47.513, 7444 MiB, 31 %
2026/10/02 23:48:49.513, 7444 MiB, 33 %
2026/10/02 23:48:51.513, 7444 MiB, 27 %
2026/10/02 23:48:53.514, 10051 MiB, 19 %
2026/10/02 23:48:55.514, 10901 MiB, 17 %
2026/10/02 23:48:57.514, 7444 MiB, 17 %
2026/10/02 23:48:59.514, 7444 MiB, 32 %
2026/10/02 23:49:01.514, 7444 MiB, 28 %
2026/10/02 23:49:03.514, 7444 MiB, 51 %
2026/10/02 23:49:05.514, 7444 MiB, 32 %
2026/10/02 23:49:07.514, 7444 MiB, 26 %
2026/10/02 23:49:09.514, 7444 MiB, 27 %
2026/10/02 23:49:11.514, 7444 MiB, 26 %
2026/10/02 23:49:13.514, 7444 MiB, 31 %
2026/10/02 23:49:15.515, 10901 MiB, 36 %
2026/10/02 23:49:17.515, 7444 MiB, 19 %
2026/10/02 23:49:19.515, 7444 MiB, 24 %
2026/10/02 23:49:21.515, 7444 MiB, 31 %
2026/10/02 23:49:23.515, 7444 MiB, 25 %
2026/10/02 23:49:25.515, 7444 MiB, 27 %
2026/10/02 23:49:27.515, 7444 MiB, 27 %
2026/10/02 23:49:29.518, 7444 MiB, 31 %
2026/10/02 23:49:31.518, 7444 MiB, 32 %
2026/10/02 23:49:33.518, 7444 MiB, 29 %
2026/10/02 23:49:35.518, 10461 MiB, 22 %
2026/10/02 23:49:37.518, 10901 MiB, 18 %
2026/10/02 23:49:39.518, 7444 MiB, 19 %
2026/10/02 23:49:41.518, 7444 MiB, 35 %
2026/10/02 23:49:43.518, 7444 MiB, 28 %
2026/10/02 23:49:45.519, 7444 MiB, 29 %
2026/10/02 23:49:47.519, 7444 MiB, 30 %
2026/10/02 23:49:49.521, 7444 MiB, 32 %
2026/10/02 23:49:51.521, 7444 MiB, 27 %
2026/10/02 23:49:53.521, 7444 MiB, 27 %
2026/10/02 23:49:55.521, 10019 MiB, 83 %
2026/10/02 23:49:57.521, 10901 MiB, 17 %
2026/10/02 23:49:59.521, 7444 MiB, 17 %
2026/10/02 23:50:01.521, 7444 MiB, 31 %
2026/10/02 23:50:03.521, 7444 MiB, 55 %
2026/10/02 23:50:05.521, 7444 MiB, 33 %
2026/10/02 23:50:07.522, 7444 MiB, 28 %
2026/10/02 23:50:09.522, 7444 MiB, 27 %
2026/10/02 23:50:11.522, 7444 MiB, 27 %
2026/10/02 23:50:13.522, 7444 MiB, 51 %
2026/10/02 23:50:15.522, 7444 MiB, 51 %
2026/10/02 23:50:17.522, 10901 MiB, 88 %
2026/10/02 23:50:19.522, 10901 MiB, 19 %
2026/10/02 23:50:21.522, 7444 MiB, 17 %
2026/10/02 23:50:23.522, 7444 MiB, 32 %
2026/10/02 23:50:25.522, 7444 MiB, 29 %
2026/10/02 23:50:27.522, 7444 MiB, 29 %
2026/10/02 23:50:29.522, 7444 MiB, 32 %
2026/10/02 23:50:31.526, 7444 MiB, 32 %
2026/10/02 23:50:33.526, 7444 MiB, 28 %
2026/10/02 23:50:35.526, 7444 MiB, 28 %
2026/10/02 23:50:37.526, 7699 MiB, 22 %
2026/10/02 23:50:39.526, 10901 MiB, 17 %
2026/10/02 23:50:41.527, 7444 MiB, 20 %
2026/10/02 23:50:43.527, 7444 MiB, 17 %
2026/10/02 23:50:45.527, 7444 MiB, 32 %
2026/10/02 23:50:47.527, 7444 MiB, 29 %
2026/10/02 23:50:49.527, 7444 MiB, 31 %
2026/10/02 23:50:51.527, 7444 MiB, 31 %
2026/10/02 23:50:53.528, 7444 MiB, 27 %
2026/10/02 23:50:55.528, 7444 MiB, 32 %
2026/10/02 23:50:57.528, 7444 MiB, 29 %
2026/10/02 23:50:59.528, 10079 MiB, 21 %
2026/10/02 23:51:01.528, 10901 MiB, 17 %
2026/10/02 23:51:03.528, 7444 MiB, 25 %
2026/10/02 23:51:05.528, 7444 MiB, 30 %
2026/10/02 23:51:07.528, 7444 MiB, 27 %
2026/10/02 23:51:09.529, 7444 MiB, 27 %
2026/10/02 23:51:11.529, 7444 MiB, 28 %
2026/10/02 23:51:13.541, 7444 MiB, 35 %
2026/10/02 23:51:15.541, 7444 MiB, 31 %
2026/10/02 23:51:17.541, 7444 MiB, 26 %
2026/10/02 23:51:19.541, 8795 MiB, 60 %
2026/10/02 23:51:21.541, 10901 MiB, 17 %
2026/10/02 23:51:23.542, 7444 MiB, 17 %
2026/10/02 23:51:25.542, 7444 MiB, 30 %
2026/10/02 23:51:27.542, 7444 MiB, 54 %
2026/10/02 23:51:29.542, 7444 MiB, 31 %
2026/10/02 23:51:31.542, 7444 MiB, 17 %
2026/10/02 23:51:33.542, 7444 MiB, 46 %
2026/10/02 23:51:35.542, 7444 MiB, 30 %
2026/10/02 23:51:37.542, 7444 MiB, 14 %
2026/10/02 23:51:39.542, 7444 MiB, 33 %
2026/10/02 23:51:41.542, 7444 MiB, 29 %
2026/10/02 23:51:43.543, 9635 MiB, 70 %
2026/10/02 23:51:45.543, 10901 MiB, 17 %
2026/10/02 23:51:47.543, 7444 MiB, 54 %
2026/10/02 23:51:49.543, 7444 MiB, 27 %
2026/10/02 23:51:51.543, 7444 MiB, 47 %
2026/10/02 23:51:53.543, 7444 MiB, 27 %
2026/10/02 23:51:55.543, 7444 MiB, 11 %
2026/10/02 23:51:57.543, 7444 MiB, 31 %
2026/10/02 23:51:59.544, 7444 MiB, 32 %
2026/10/02 23:52:01.544, 7444 MiB, 36 %
2026/10/02 23:52:03.544, 7444 MiB, 39 %
2026/10/02 23:52:05.545, 7444 MiB, 45 %
2026/10/02 23:52:07.546, 7444 MiB, 35 %
2026/10/02 23:52:09.546, 7444 MiB, 32 %
2026/10/02 23:52:11.546, 7444 MiB, 36 %
2026/10/02 23:52:13.547, 7444 MiB, 38 %
2026/10/02 23:52:15.547, 7444 MiB, 38 %
2026/10/02 23:52:17.547, 8293 MiB, 39 %
2026/10/02 23:52:19.547, 10051 MiB, 8 %
2026/10/02 23:52:21.548, 10901 MiB, 6 %
2026/10/02 23:52:23.548, 10901 MiB, 10 %
2026/10/02 23:52:25.548, 7444 MiB, 17 %
2026/10/02 23:52:27.548, 7444 MiB, 13 %
2026/10/02 23:52:29.548, 7444 MiB, 35 %
2026/10/02 23:52:31.549, 7444 MiB, 38 %
2026/10/02 23:52:33.549, 7444 MiB, 42 %
2026/10/02 23:52:35.549, 7444 MiB, 40 %
2026/10/02 23:52:37.550, 7444 MiB, 41 %
2026/10/02 23:52:39.550, 7444 MiB, 32 %
2026/10/02 23:52:41.550, 7444 MiB, 32 %
2026/10/02 23:52:43.550, 7444 MiB, 32 %
2026/10/02 23:52:45.551, 7444 MiB, 34 %
2026/10/02 23:52:47.552, 7444 MiB, 31 %
2026/10/02 23:52:49.552, 7444 MiB, 32 %
2026/10/02 23:52:51.552, 7444 MiB, 43 %
2026/10/02 23:52:53.552, 7444 MiB, 34 %
2026/10/02 23:52:55.553, 7444 MiB, 33 %
2026/10/02 23:52:57.553, 7444 MiB, 38 %
2026/10/02 23:52:59.553, 9735 MiB, 21 %
2026/10/02 23:53:01.553, 10901 MiB, 44 %
2026/10/02 23:53:03.554, 10901 MiB, 7 %
2026/10/02 23:53:05.554, 10901 MiB, 7 %
2026/10/02 23:53:07.554, 7444 MiB, 9 %
2026/10/02 23:53:09.554, 7444 MiB, 34 %
2026/10/02 23:53:11.555, 7444 MiB, 30 %
2026/10/02 23:53:13.555, 7444 MiB, 48 %
2026/10/02 23:53:15.555, 7444 MiB, 35 %
2026/10/02 23:53:17.556, 7444 MiB, 28 %
2026/10/02 23:53:19.556, 7444 MiB, 38 %
2026/10/02 23:53:21.556, 7444 MiB, 30 %
2026/10/02 23:53:23.556, 7444 MiB, 34 %
2026/10/02 23:53:25.557, 7444 MiB, 31 %
2026/10/02 23:53:27.557, 7444 MiB, 31 %
2026/10/02 23:53:29.557, 7444 MiB, 38 %
2026/10/02 23:53:31.559, 7444 MiB, 31 %
2026/10/02 23:53:33.560, 7444 MiB, 37 %
2026/10/02 23:53:35.560, 7444 MiB, 37 %
2026/10/02 23:53:37.561, 7444 MiB, 33 %
2026/10/02 23:53:39.561, 7444 MiB, 40 %
2026/10/02 23:53:41.561, 7444 MiB, 39 %
2026/10/02 23:53:43.562, 7444 MiB, 35 %
2026/10/02 23:53:45.562, 7444 MiB, 33 %
2026/10/02 23:53:47.562, 7444 MiB, 44 %
2026/10/02 23:53:49.562, 7444 MiB, 45 %
2026/10/02 23:53:51.563, 9155 MiB, 24 %
2026/10/02 23:53:53.563, 10081 MiB, 7 %
2026/10/02 23:53:55.563, 10903 MiB, 6 %
2026/10/02 23:53:57.563, 10903 MiB, 9 %
2026/10/02 23:53:59.563, 10903 MiB, 10 %
2026/10/02 23:54:01.563, 7444 MiB, 8 %
2026/10/02 23:54:03.564, 7444 MiB, 14 %
2026/10/02 23:54:05.564, 7444 MiB, 30 %
2026/10/02 23:54:07.564, 7444 MiB, 33 %
2026/10/02 23:54:09.564, 7444 MiB, 38 %
2026/10/02 23:54:11.565, 7444 MiB, 33 %
2026/10/02 23:54:13.565, 7444 MiB, 33 %
2026/10/02 23:54:15.565, 7444 MiB, 33 %
2026/10/02 23:54:17.565, 7444 MiB, 34 %
2026/10/02 23:54:19.566, 7444 MiB, 36 %
2026/10/02 23:54:21.566, 7444 MiB, 35 %
2026/10/02 23:54:23.566, 7444 MiB, 32 %
2026/10/02 23:54:25.566, 7444 MiB, 33 %
2026/10/02 23:54:27.567, 7444 MiB, 31 %
2026/10/02 23:54:29.567, 7444 MiB, 39 %
2026/10/02 23:54:31.567, 7444 MiB, 38 %
2026/10/02 23:54:33.567, 7444 MiB, 33 %
2026/10/02 23:54:35.567, 7444 MiB, 35 %
2026/10/02 23:54:37.568, 7444 MiB, 29 %
2026/10/02 23:54:39.568, 7444 MiB, 32 %
2026/10/02 23:54:41.568, 7444 MiB, 35 %
2026/10/02 23:54:43.568, 7444 MiB, 41 %
2026/10/02 23:54:45.569, 7444 MiB, 39 %
2026/10/02 23:54:47.569, 7444 MiB, 40 %
2026/10/02 23:54:49.569, 9459 MiB, 30 %
2026/10/02 23:54:51.571, 10581 MiB, 9 %
2026/10/02 23:54:53.572, 10903 MiB, 8 %
2026/10/02 23:54:55.572, 10903 MiB, 11 %
2026/10/02 23:54:57.575, 10903 MiB, 9 %
2026/10/02 23:54:59.575, 7444 MiB, 7 %
2026/10/02 23:55:01.575, 7444 MiB, 18 %
2026/10/02 23:55:03.575, 7444 MiB, 30 %
2026/10/02 23:55:05.576, 7444 MiB, 33 %
2026/10/02 23:55:07.576, 7444 MiB, 34 %
2026/10/02 23:55:09.577, 7444 MiB, 32 %
2026/10/02 23:55:11.577, 7444 MiB, 32 %
2026/10/02 23:55:13.577, 7444 MiB, 36 %
2026/10/02 23:55:15.578, 7444 MiB, 38 %
2026/10/02 23:55:17.578, 7444 MiB, 32 %
2026/10/02 23:55:19.578, 7444 MiB, 45 %
2026/10/02 23:55:21.578, 7444 MiB, 38 %
2026/10/02 23:55:23.579, 7444 MiB, 32 %
2026/10/02 23:55:25.579, 7444 MiB, 34 %
2026/10/02 23:55:27.583, 7444 MiB, 33 %
2026/10/02 23:55:29.587, 7444 MiB, 38 %
2026/10/02 23:55:31.587, 7444 MiB, 28 %
2026/10/02 23:55:33.588, 7444 MiB, 43 %
2026/10/02 23:55:35.588, 7444 MiB, 29 %
2026/10/02 23:55:37.588, 7444 MiB, 35 %
2026/10/02 23:55:39.588, 7444 MiB, 41 %
2026/10/02 23:55:41.588, 7444 MiB, 24 %
2026/10/02 23:55:43.589, 9459 MiB, 50 %
2026/10/02 23:55:45.589, 10903 MiB, 19 %
2026/10/02 23:55:47.589, 10903 MiB, 17 %
2026/10/02 23:55:49.589, 7444 MiB, 24 %
2026/10/02 23:55:51.589, 7444 MiB, 31 %
2026/10/02 23:55:53.590, 7444 MiB, 26 %
2026/10/02 23:55:55.591, 7444 MiB, 23 %
2026/10/02 23:55:57.592, 7444 MiB, 20 %
2026/10/02 23:55:59.592, 7444 MiB, 24 %
2026/10/02 23:56:01.592, 7444 MiB, 48 %
2026/10/02 23:56:03.592, 7444 MiB, 28 %
2026/10/02 23:56:05.592, 7444 MiB, 25 %
2026/10/02 23:56:07.592, 7444 MiB, 28 %
2026/10/02 23:56:09.592, 7444 MiB, 21 %
2026/10/02 23:56:11.592, 9975 MiB, 53 %
2026/10/02 23:56:13.592, 10903 MiB, 17 %
2026/10/02 23:56:15.593, 4330 MiB, 16 %
2026/10/02 23:56:17.593, 898 MiB, 19 %
